Keyword,Volumen,Dificultad,Prioridad,Categoría
presupuesto mensual,Alto,Baja,⭐⭐⭐⭐⭐,Finanzas Personales
como hacer presupuesto,Alto,Baja,⭐⭐⭐⭐⭐,Finanzas Personales
errores financieros,Medio,Baja,⭐⭐⭐⭐,Finanzas Personales
como ahorrar dinero,Alto,Baja,⭐⭐⭐⭐⭐,Finanzas Personales
regla 50 30 20,Medio,Baja,⭐⭐⭐⭐,Finanzas Personales
eliminar deudas,Alto,Baja,⭐⭐⭐⭐⭐,Finanzas Personales
fondo de emergencia,Medio,Baja,⭐⭐⭐⭐,Finanzas Personales
negociar salario,Medio,Media,⭐⭐⭐⭐,Finanzas Personales
gastos hormiga,Medio,Baja,⭐⭐⭐⭐,Finanzas Personales
freelancing,Medio,Media,⭐⭐⭐⭐,Finanzas Personales
ingresos pasivos,Alto,Media,⭐⭐⭐⭐⭐,Finanzas Personales
impuestos autonomos,Medio,Media,⭐⭐⭐⭐,Finanzas Personales
optimizar gastos servicios,Medio,Baja,⭐⭐⭐,Finanzas Personales
interes compuesto,Alto,Baja,⭐⭐⭐⭐⭐,Finanzas Personales
apps finanzas personales,Alto,Baja,⭐⭐⭐⭐,Finanzas Personales
costo de vida ciudades,Medio,Baja,⭐⭐⭐,Finanzas Personales
fuentes de ingresos,Alto,Media,⭐⭐⭐⭐⭐,Finanzas Personales
dinero efectivo vs digital,Bajo,Baja,⭐⭐⭐,Finanzas Personales
gestionar dinero pareja,Medio,Baja,⭐⭐⭐⭐,Finanzas Personales
educacion financiera niños,Medio,Baja,⭐⭐⭐⭐,Finanzas Personales
planificacion financiera,Alto,Baja,⭐⭐⭐⭐⭐,Finanzas Personales
ahorrar transporte gasolina,Bajo,Baja,⭐⭐⭐,Finanzas Personales
seguros necesarios,Medio,Baja,⭐⭐⭐⭐,Finanzas Personales
rewards cashback,Medio,Baja,⭐⭐⭐,Finanzas Personales
bancos online vs tradicionales,Medio,Media,⭐⭐⭐⭐,Finanzas Personales
evaluar compra necesaria,Medio,Baja,⭐⭐⭐,Finanzas Personales
presupuesto emprendedores,Medio,Media,⭐⭐⭐⭐,Finanzas Personales
disciplina financiera,Medio,Baja,⭐⭐⭐⭐,Finanzas Personales
hablar dinero pareja,Medio,Baja,⭐⭐⭐⭐,Finanzas Personales
proteger patrimonio,Medio,Media,⭐⭐⭐⭐,Finanzas Personales
retiro anticipado,Medio,Media,⭐⭐⭐⭐,Finanzas Personales
invertir en acciones,Alto,Media,⭐⭐⭐⭐⭐,Inversiones
fondos inversion vs ETF,Medio,Media,⭐⭐⭐⭐,Inversiones
leer balance,Medio,Media,⭐⭐⭐⭐,Inversiones
acciones dividendos,Alto,Media,⭐⭐⭐⭐⭐,Inversiones
indice bursatil,Medio,Media,⭐⭐⭐⭐,Inversiones
renta fija bonos,Medio,Media,⭐⭐⭐⭐,Inversiones
invertir inmuebles,Alto,Media,⭐⭐⭐⭐⭐,Inversiones
crowdfunding inmobiliario,Medio,Media,⭐⭐⭐⭐,Inversiones
P2P lending,Medio,Media,⭐⭐⭐⭐,Inversiones
evaluar empresa invertir,Medio,Media,⭐⭐⭐⭐,Inversiones
analisis fundamental vs tecnico,Medio,Media,⭐⭐⭐⭐,Inversiones
diversificacion portafolio,Alto,Baja,⭐⭐⭐⭐⭐,Inversiones
construir portafolio principiantes,Alto,Baja,⭐⭐⭐⭐⭐,Inversiones
rebalanceo portafolio,Medio,Media,⭐⭐⭐⭐,Inversiones
costo promedio,Medio,Baja,⭐⭐⭐⭐,Inversiones
warren buffett lecciones,Alto,Baja,⭐⭐⭐⭐,Inversiones
valor vs crecimiento,Medio,Media,⭐⭐⭐⭐,Inversiones
micro inversiones,Medio,Baja,⭐⭐⭐⭐,Inversiones
robo advisors,Medio,Media,⭐⭐⭐⭐,Inversiones
day trading,Alto,Alta,⭐⭐⭐,Inversiones
swing trading,Medio,Alta,⭐⭐⭐,Inversiones
value investing,Medio,Media,⭐⭐⭐⭐,Inversiones
inversion startups,Medio,Alta,⭐⭐⭐,Inversiones
leer prospecto fondo,Medio,Media,⭐⭐⭐,Inversiones
comisiones inversion,Medio,Baja,⭐⭐⭐⭐,Inversiones
impuestos inversiones,Medio,Media,⭐⭐⭐⭐,Inversiones
crisis mercado,Alto,Media,⭐⭐⭐⭐,Inversiones
donde invertir cada fase vida,Medio,Baja,⭐⭐⭐⭐,Inversiones
planificacion jubilacion,Alto,Baja,⭐⭐⭐⭐⭐,Inversiones
simulador inversion,Medio,Baja,⭐⭐⭐,Inversiones
empezar invertir poco dinero,Alto,Baja,⭐⭐⭐⭐⭐,Inversiones
psicologia inversor,Medio,Baja,⭐⭐⭐⭐,Inversiones
inversiones sostenibles ESG,Medio,Media,⭐⭐⭐⭐,Inversiones
real estate crowdfunding,Medio,Media,⭐⭐⭐⭐,Inversiones
diversificar internacionalmente,Medio,Media,⭐⭐⭐⭐,Inversiones
bitcoin explicado,Alto,Baja,⭐⭐⭐⭐⭐,Criptomonedas
ethereum,Alto,Media,⭐⭐⭐⭐⭐,Criptomonedas
altcoins,Medio,Alta,⭐⭐⭐,Criptomonedas
comprar bitcoin,Alto,Media,⭐⭐⭐⭐⭐,Criptomonedas
wallets criptomonedas,Alto,Baja,⭐⭐⭐⭐⭐,Criptomonedas
cold wallet hot wallet,Medio,Baja,⭐⭐⭐⭐,Criptomonedas
ledger trezor,Medio,Baja,⭐⭐⭐⭐,Criptomonedas
staking cripto,Alto,Media,⭐⭐⭐⭐⭐,Criptomonedas
DeFi,Alto,Alta,⭐⭐⭐⭐,Criptomonedas
smart contracts,Medio,Alta,⭐⭐⭐,Criptomonedas
NFTs,Alto,Alta,⭐⭐⭐,Criptomonedas
metaverso criptomonedas,Medio,Alta,⭐⭐⭐,Criptomonedas
tokenomics,Medio,Alta,⭐⭐⭐,Criptomonedas
ICO IDO IEO,Medio,Alta,⭐⭐⭐,Criptomonedas
mineria criptomonedas,Alto,Alta,⭐⭐⭐,Criptomonedas
evitar estafas cripto,Alto,Baja,⭐⭐⭐⭐⭐,Criptomonedas
impuestos criptomonedas,Alto,Media,⭐⭐⭐⭐⭐,Criptomonedas
exchanges cripto,Alto,Media,⭐⭐⭐⭐⭐,Criptomonedas
lending criptomonedas,Medio,Media,⭐⭐⭐⭐,Criptomonedas
yield farming,Medio,Alta,⭐⭐⭐,Criptomonedas
stablecoins,Alto,Media,⭐⭐⭐⭐⭐,Criptomonedas
CBDC,Medio,Alta,⭐⭐⭐,Criptomonedas
blockchain mas alla bitcoin,Medio,Alta,⭐⭐⭐,Criptomonedas
leer whitepaper cripto,Medio,Alta,⭐⭐⭐,Criptomonedas
ciclos bitcoin,Medio,Media,⭐⭐⭐⭐,Criptomonedas
analisis tecnico cripto,Alto,Alta,⭐⭐⭐,Criptomonedas
trading criptomonedas,Alto,Alta,⭐⭐⭐,Criptomonedas
diversificar cripto,Medio,Media,⭐⭐⭐⭐,Criptomonedas
criptomonedas sostenibilidad,Medio,Baja,⭐⭐⭐,Criptomonedas
futuro criptomonedas,Alto,Media,⭐⭐⭐⭐,Criptomonedas
recuperar criptomonedas perdidas,Medio,Baja,⭐⭐⭐,Criptomonedas
derivados cripto,Medio,Alta,⭐⭐⭐,Criptomonedas
criptomonedas latinoamerica,Medio,Media,⭐⭐⭐⭐,Criptomonedas
regulacion criptomonedas,Alto,Media,⭐⭐⭐⭐⭐,Criptomonedas
usar criptomonedas vida real,Medio,Baja,⭐⭐⭐⭐,Criptomonedas
que es fintech,Alto,Baja,⭐⭐⭐⭐⭐,FinTech
aplicaciones bancarias,Medio,Baja,⭐⭐⭐⭐,FinTech
neobancos,Alto,Media,⭐⭐⭐⭐⭐,FinTech
billeteras digitales,Alto,Baja,⭐⭐⭐⭐⭐,FinTech
transferencias internacionales baratas,Medio,Media,⭐⭐⭐⭐,FinTech
inteligencia artificial finanzas,Alto,Alta,⭐⭐⭐⭐,FinTech
big data bancos,Medio,Media,⭐⭐⭐,FinTech
robo advisors humanos,Medio,Media,⭐⭐⭐⭐,FinTech
APIs financieras,Medio,Alta,⭐⭐⭐,FinTech
open banking,Alto,Media,⭐⭐⭐⭐⭐,FinTech
blockchain empresas,Medio,Alta,⭐⭐⭐,FinTech
IoT finanzas,Medio,Alta,⭐⭐⭐,FinTech
seguridad cibernetica financiera,Alto,Media,⭐⭐⭐⭐,FinTech
biometria banca,Medio,Baja,⭐⭐⭐,FinTech
cloud computing finanzas,Medio,Media,⭐⭐⭐,FinTech
big tech finanzas,Alto,Media,⭐⭐⭐⭐,FinTech
finanzas nube,Medio,Media,⭐⭐⭐,FinTech
APIs pago,Medio,Media,⭐⭐⭐,FinTech
chatbots financieros,Medio,Media,⭐⭐⭐⭐,FinTech
ciberseguridad proteger datos,Alto,Media,⭐⭐⭐⭐,FinTech
machine learning fraude,Medio,Alta,⭐⭐⭐,FinTech
realidad aumentada finanzas,Bajo,Alta,⭐⭐,FinTech
quantum computing finanzas,Bajo,Alta,⭐⭐,FinTech
internet cosas pagos,Medio,Media,⭐⭐⭐,FinTech
blockchain cadenas suministro,Medio,Alta,⭐⭐⭐,FinTech
APIs abiertas banca,Medio,Media,⭐⭐⭐⭐,FinTech
PSD2,Medio,Media,⭐⭐⭐,FinTech
proteger identidad digital,Medio,Baja,⭐⭐⭐⭐,FinTech
datos financieros privacidad,Medio,Media,⭐⭐⭐⭐,FinTech
futuro banca digital,Alto,Media,⭐⭐⭐⭐⭐,FinTech
validar idea negocio,Alto,Baja,⭐⭐⭐⭐⭐,Emprendimiento
plan negocios paso a paso,Alto,Baja,⭐⭐⭐⭐⭐,Emprendimiento
modelo canvas,Medio,Baja,⭐⭐⭐⭐,Emprendimiento
pitch perfecto,Medio,Media,⭐⭐⭐⭐,Emprendimiento
MVP producto minimo viable,Alto,Baja,⭐⭐⭐⭐⭐,Emprendimiento
conseguir financiamiento startup,Alto,Media,⭐⭐⭐⭐⭐,Emprendimiento
fundraising donde buscar dinero,Medio,Media,⭐⭐⭐⭐,Emprendimiento
equity vs deuda,Medio,Media,⭐⭐⭐⭐,Emprendimiento
aceleradoras incubadoras,Medio,Media,⭐⭐⭐⭐,Emprendimiento
SaaS modelo negocio,Alto,Media,⭐⭐⭐⭐⭐,Emprendimiento
dropshipping,Alto,Alta,⭐⭐⭐,Emprendimiento
afiliados comisiones,Alto,Media,⭐⭐⭐⭐⭐,Emprendimiento
ecommerce empezar tienda online,Alto,Media,⭐⭐⭐⭐⭐,Emprendimiento
marketing digital estrategias,Alto,Media,⭐⭐⭐⭐⭐,Emprendimiento
SEO posicionamiento Google,Alto,Alta,⭐⭐⭐⭐⭐,Emprendimiento
community management,Alto,Media,⭐⭐⭐⭐,Emprendimiento
email marketing,Alto,Media,⭐⭐⭐⭐⭐,Emprendimiento
crear funnel ventas,Alto,Media,⭐⭐⭐⭐⭐,Emprendimiento
pricing establecer precios,Medio,Media,⭐⭐⭐⭐,Emprendimiento
calcular costos margenes,Medio,Baja,⭐⭐⭐⭐,Emprendimiento
clientes ideales,Medio,Baja,⭐⭐⭐⭐,Emprendimiento
metricas negocio,Medio,Baja,⭐⭐⭐⭐,Emprendimiento
growth hacking,Medio,Alta,⭐⭐⭐⭐,Emprendimiento
escalar negocio,Alto,Media,⭐⭐⭐⭐⭐,Emprendimiento
outsourcing delegar,Medio,Media,⭐⭐⭐⭐,Emprendimiento
agencia digital,Medio,Media,⭐⭐⭐⭐,Emprendimiento
consultoria vender experiencia,Medio,Media,⭐⭐⭐⭐,Emprendimiento
cursos online monetizar conocimiento,Alto,Media,⭐⭐⭐⭐⭐,Emprendimiento
membresias suscripciones,Alto,Media,⭐⭐⭐⭐⭐,Emprendimiento
community crear tribu,Medio,Media,⭐⭐⭐⭐,Emprendimiento
partnerships alianzas,Medio,Media,⭐⭐⭐⭐,Emprendimiento
marca personal redes sociales,Alto,Media,⭐⭐⭐⭐⭐,Emprendimiento
podcast negocios empezar,Medio,Media,⭐⭐⭐⭐,Emprendimiento
youtube negocios,Alto,Alta,⭐⭐⭐⭐⭐,Emprendimiento
tiktok viralizar negocio,Alto,Alta,⭐⭐⭐⭐,Emprendimiento
content marketing finanzas,Alto,Media,⭐⭐⭐⭐⭐,Marketing
video educativo dinero,Medio,Media,⭐⭐⭐⭐,Marketing
webinars financieros venden,Medio,Media,⭐⭐⭐⭐,Marketing
lead magnets blog financiero,Medio,Baja,⭐⭐⭐⭐,Marketing
email secuencias convierten,Medio,Media,⭐⭐⭐⭐,Marketing
copywriting escribir vender,Alto,Media,⭐⭐⭐⭐⭐,Marketing
A/B testing optimizar campañas,Medio,Media,⭐⭐⭐⭐,Marketing
publicidad facebook finanzas,Alto,Media,⭐⭐⭐⭐⭐,Marketing
google ads campañas busqueda,Alto,Alta,⭐⭐⭐⭐⭐,Marketing
affiliate marketing finanzas,Alto,Media,⭐⭐⭐⭐⭐,Marketing
influencers finanzas colaborar,Alto,Media,⭐⭐⭐⭐⭐,Marketing
monetizar blog,Alto,Media,⭐⭐⭐⭐⭐,Marketing
sponsorships obtener ingresos,Medio,Media,⭐⭐⭐⭐,Marketing
partnerships marcas financieras,Medio,Media,⭐⭐⭐⭐,Marketing
community building finanzas,Medio,Media,⭐⭐⭐⭐,Marketing
SEO tecnico blogs financieros,Alto,Alta,⭐⭐⭐⭐⭐,Marketing
palabras clave buscar oro,Alto,Alta,⭐⭐⭐⭐⭐,Marketing
backlinks estrategia posicionamiento,Alto,Alta,⭐⭐⭐⭐⭐,Marketing
redes sociales estrategia plataforma,Alto,Media,⭐⭐⭐⭐⭐,Marketing
linkedin expertos financieros,Medio,Media,⭐⭐⭐⭐,Marketing
instagram finanzas visual,Medio,Media,⭐⭐⭐⭐,Marketing
twitter finanzas actualidad,Medio,Media,⭐⭐⭐,Marketing
retargeting recuperar visitantes,Medio,Media,⭐⭐⭐⭐,Marketing
calculo ROI marketing,Medio,Baja,⭐⭐⭐⭐,Marketing
autoridad confianza finanzas,Alto,Baja,⭐⭐⭐⭐⭐,Marketing
elon musk dinero,Alto,Baja,⭐⭐⭐⭐,Historias
jeff bezos millonario,Alto,Baja,⭐⭐⭐⭐,Historias
warren buffett genio inversiones,Alto,Baja,⭐⭐⭐⭐,Historias
erica joy baker emprendedora,Bajo,Baja,⭐⭐,Historias
oprah winfrey imperio,Alto,Baja,⭐⭐⭐⭐,Historias
steve jobs vision dinero,Alto,Baja,⭐⭐⭐⭐,Historias
sara blakely billonaria,Medio,Baja,⭐⭐⭐,Historias
jack ma magnate,Alto,Baja,⭐⭐⭐⭐,Historias
educacion financiera cambio vida,Medio,Baja,⭐⭐⭐⭐,Historias
personas ricas historias,Alto,Baja,⭐⭐⭐⭐,Historias
quiebra exito historias,Medio,Baja,⭐⭐⭐⭐,Historias
emprendedores fracasaron volvieron,Medio,Baja,⭐⭐⭐⭐,Historias
negocios fracasaron lecciones,Medio,Baja,⭐⭐⭐,Historias
startup vendidas millones,Alto,Media,⭐⭐⭐⭐,Historias
personas viven dinero pasivo,Medio,Baja,⭐⭐⭐⭐,Historias
traders ganaron millones,Alto,Media,⭐⭐⭐⭐,Historias
inversores apostaron bien,Medio,Baja,⭐⭐⭐⭐,Historias
alguien sin educacion rico,Medio,Baja,⭐⭐⭐⭐,Historias
historia amazon garage gigante,Alto,Baja,⭐⭐⭐⭐,Historias
netflix cambio ver peliculas,Alto,Baja,⭐⭐⭐⭐,Historias
airbnb turismo compartido,Alto,Baja,⭐⭐⭐⭐,Historias
uber disrupting transporte,Alto,Baja,⭐⭐⭐⭐,Historias
tesla electricos energia,Alto,Baja,⭐⭐⭐⭐,Historias
bitcoin paper miles millones,Alto,Baja,⭐⭐⭐⭐,Historias
trader predijo crisis 2008,Medio,Baja,⭐⭐⭐,Historias
libros finanzas leer,Alto,Baja,⭐⭐⭐⭐⭐,Educacion
podcast dinero escuchar,Alto,Baja,⭐⭐⭐⭐⭐,Educacion
documentales financieros,Medio,Baja,⭐⭐⭐⭐,Educacion
cursos online aprender finanzas,Alto,Baja,⭐⭐⭐⭐⭐,Educacion
universidades cursos finanzas gratis,Medio,Baja,⭐⭐⭐⭐,Educacion
khan academy finanzas todos,Medio,Baja,⭐⭐⭐⭐,Educacion
certificaciones finanzas CFA CFP,Medio,Media,⭐⭐⭐⭐,Educacion
aprender invertir cero,Alto,Baja,⭐⭐⭐⭐⭐,Educacion
educacion financiera escuelas,Medio,Baja,⭐⭐⭐,Educacion
ensenar finanzas hijos,Medio,Baja,⭐⭐⭐⭐,Educacion
jerga financiera terminos,Medio,Baja,⭐⭐⭐⭐,Educacion
ratios financieros explicados,Medio,Media,⭐⭐⭐⭐,Educacion
estados financieros leerlos,Medio,Media,⭐⭐⭐⭐,Educacion
glosario finanzas A-Z,Medio,Baja,⭐⭐⭐,Educacion
canales youtube finanzas,Alto,Baja,⭐⭐⭐⭐⭐,Educacion
influencers financieros seguir,Alto,Baja,⭐⭐⭐⭐⭐,Educacion
comunidades online inversores,Medio,Baja,⭐⭐⭐⭐,Educacion
foros finanzas activos,Medio,Baja,⭐⭐⭐⭐,Educacion
newsletters finanzas oro,Medio,Baja,⭐⭐⭐⭐,Educacion
clubs lectura dinero,Medio,Baja,⭐⭐⭐,Educacion
mentorias finanzas,Medio,Media,⭐⭐⭐⭐,Educacion
bootcamps finanzas,Medio,Media,⭐⭐⭐⭐,Educacion
master finanzas vale pena,Medio,Media,⭐⭐⭐⭐,Educacion
especializaciones finanzas,Medio,Media,⭐⭐⭐⭐,Educacion
encontrar mentor financiero,Medio,Baja,⭐⭐⭐⭐,Educacion
congresos eventos finanzas,Medio,Baja,⭐⭐⭐,Educacion
webinars educativos gratuitos,Medio,Baja,⭐⭐⭐⭐,Educacion
tedtalks dinero,Alto,Baja,⭐⭐⭐⭐⭐,Educacion
revistas financieras internacionales,Medio,Baja,⭐⭐⭐,Educacion
seguir analistas financieros,Medio,Baja,⭐⭐⭐⭐,Educacion
mentalidad millonario vs pobre,Alto,Baja,⭐⭐⭐⭐⭐,Psicologia
creencias limitantes dinero,Medio,Baja,⭐⭐⭐⭐,Psicologia
cambiar relacion dinero,Medio,Baja,⭐⭐⭐⭐⭐,Psicologia
miedo dinero superarlo,Medio,Baja,⭐⭐⭐⭐,Psicologia
abundancia vs escasez,Medio,Baja,⭐⭐⭐⭐,Psicologia
habitos personas ricas,Alto,Baja,⭐⭐⭐⭐⭐,Psicologia
disciplina financiera desarrollar,Medio,Baja,⭐⭐⭐⭐⭐,Psicologia
procrastinacion financiera enemigo,Medio,Baja,⭐⭐⭐⭐,Psicologia
impulsividad compras control emocional,Medio,Baja,⭐⭐⭐⭐,Psicologia
decir no gastos innecesarios,Medio,Baja,⭐⭐⭐⭐,Psicologia
sindrome impostor inversiones,Medio,Baja,⭐⭐⭐,Psicologia
envidia financiera manejarla,Medio,Baja,⭐⭐⭐⭐,Psicologia
comparacion social dinero,Medio,Baja,⭐⭐⭐⭐,Psicologia
valor no patrimonio,Medio,Baja,⭐⭐⭐⭐,Psicologia
deuda emocional vs real,Medio,Baja,⭐⭐⭐⭐,Psicologia
culpa gastar dinero,Medio,Baja,⭐⭐⭐⭐,Psicologia
ansiedad dinero herramientas control,Medio,Baja,⭐⭐⭐⭐,Psicologia
estres financiero salud mental,Medio,Baja,⭐⭐⭐⭐,Psicologia
relacion pareja dinero,Medio,Baja,⭐⭐⭐⭐,Psicologia
dinero autoestima,Medio,Baja,⭐⭐⭐⭐,Psicologia
celebrar pequenas victorias financieras,Medio,Baja,⭐⭐⭐⭐,Psicologia
gratitud abundancia,Medio,Baja,⭐⭐⭐⭐,Psicologia
perdon financiero soltar pasado,Medio,Baja,⭐⭐⭐⭐,Psicologia
proposito vs dinero,Medio,Baja,⭐⭐⭐⭐,Psicologia
felicidad dinero verdad,Alto,Baja,⭐⭐⭐⭐⭐,Psicologia
economia global funciona mundo,Alto,Baja,⭐⭐⭐⭐⭐,Economia
inflacion protegerse,Alto,Baja,⭐⭐⭐⭐⭐,Economia
deflacion opuesto ignoran,Medio,Baja,⭐⭐⭐⭐,Economia
tipos interes afectan dinero,Alto,Baja,⭐⭐⭐⭐⭐,Economia
ciclos economicos auges crisis,Medio,Baja,⭐⭐⭐⭐,Economia
crisis 2008 paso por que,Alto,Baja,⭐⭐⭐⭐,Economia
crisis 2020 pandemia economia,Alto,Baja,⭐⭐⭐⭐,Economia
recesion vs depresion economica,Medio,Baja,⭐⭐⭐⭐,Economia
estanflacion inflacion recesion,Medio,Baja,⭐⭐⭐⭐,Economia
divisas tipos cambio,Alto,Media,⭐⭐⭐⭐⭐,Economia
petroleo influencia economia,Medio,Baja,⭐⭐⭐⭐,Economia
oro considerado seguro,Medio,Baja,⭐⭐⭐⭐,Economia
inflacion precios vs activos,Medio,Baja,⭐⭐⭐⭐,Economia
banco central rol economia,Medio,Baja,⭐⭐⭐⭐,Economia
politica monetaria QE bajadas tipos,Medio,Media,⭐⭐⭐⭐,Economia
politica fiscal impuestos gasto,Medio,Baja,⭐⭐⭐⭐,Economia
deuda gubernamental sostenible,Medio,Media,⭐⭐⭐⭐,Economia
brexit impacto economico,Medio,Baja,⭐⭐⭐,Economia
guerras comerciales aranceles,Medio,Baja,⭐⭐⭐⭐,Economia
globalizacion efectos,Medio,Baja,⭐⭐⭐⭐,Economia
nearshoring vs offshoring,Medio,Media,⭐⭐⭐,Economia
economia EEUU vs China,Alto,Media,⭐⭐⭐⭐⭐,Economia
moneda unica Euro ventajas problemas,Medio,Baja,⭐⭐⭐⭐,Economia
economias emergentes oportunidades,Medio,Media,⭐⭐⭐⭐,Economia
LATAM situacion economica,Medio,Baja,⭐⭐⭐⭐,Economia
economia colaborativa uber airbnb,Medio,Baja,⭐⭐⭐⭐,Economia
gig economy futuro trabajo,Medio,Media,⭐⭐⭐⭐,Economia
universal basic income posible,Medio,Media,⭐⭐⭐⭐,Economia
impacto tecnologia economia,Alto,Baja,⭐⭐⭐⭐⭐,Economia
sostenibilidad economica,Medio,Baja,⭐⭐⭐⭐,Economia
abrir cuenta bancaria online 5 minutos,Medio,Baja,⭐⭐⭐⭐,Guias
solicitar tarjeta credito,Medio,Baja,⭐⭐⭐⭐,Guias
primer inversion acciones,Alto,Baja,⭐⭐⭐⭐⭐,Guias
comprar primer ETF,Medio,Baja,⭐⭐⭐⭐,Guias
solicitar prestamo inteligentemente,Medio,Baja,⭐⭐⭐⭐,Guias
refinanciar hipoteca,Medio,Baja,⭐⭐⭐⭐,Guias
abrir cuenta exchange cripto,Alto,Baja,⭐⭐⭐⭐⭐,Guias
hacer staking criptomonedas,Alto,Media,⭐⭐⭐⭐⭐,Guias
solicitar credito hipotecario,Medio,Baja,⭐⭐⭐⭐,Guias
declarar impuestos online,Medio,Baja,⭐⭐⭐⭐,Guias
optimizar declaracion fiscal,Medio,Media,⭐⭐⭐⭐,Guias
establecer metas financieras SMART,Medio,Baja,⭐⭐⭐⭐,Guias
usar excel gestionar dinero,Medio,Baja,⭐⭐⭐⭐,Guias
usar aplicaciones finanzas personales,Alto,Baja,⭐⭐⭐⭐⭐,Guias
crear portafolio inversion,Alto,Baja,⭐⭐⭐⭐⭐,Guias
rebalancear portafolio,Medio,Media,⭐⭐⭐⭐,Guias
calcular rentabilidad anualizada,Medio,Baja,⭐⭐⭐⭐,Guias
usar python analizar finanzas,Medio,Alta,⭐⭐⭐,Guias
leer graficos acciones,Medio,Media,⭐⭐⭐⭐,Guias
hacer due diligence empresa,Medio,Media,⭐⭐⭐⭐,Guias
calcular independencia financiera,Alto,Baja,⭐⭐⭐⭐⭐,Guias
hacer testamento planificar sucesion,Medio,Baja,⭐⭐⭐⭐,Guias
contratar seguro adecuado,Medio,Baja,⭐⭐⭐⭐,Guias
negociar mejor,Medio,Baja,⭐⭐⭐⭐,Guias
pedir dinero banco,Medio,Baja,⭐⭐⭐⭐,Guias
crear negocio online rentable,Alto,Media,⭐⭐⭐⭐⭐,Guias
usar google trends buscar ideas,Medio,Baja,⭐⭐⭐⭐,Guias
crear presupuesto flexible,Medio,Baja,⭐⭐⭐⭐,Guias
auditar gastos anuales,Medio,Baja,⭐⭐⭐⭐,Guias
prepararte entrevista laboral sueldo,Medio,Media,⭐⭐⭐⭐,Guias
finanzas 2025 predicciones,Alto,Media,⭐⭐⭐⭐⭐,Tendencias
criptomonedas 2025 mas alla,Alto,Media,⭐⭐⭐⭐⭐,Tendencias
futuro banca tradicional,Alto,Media,⭐⭐⭐⭐⭐,Tendencias
inteligencia artificial finanzas personales,Alto,Alta,⭐⭐⭐⭐,Tendencias
automatizacion inversiones,Alto,Media,⭐⭐⭐⭐⭐,Tendencias
fin efectivo mundo cashless,Alto,Media,⭐⭐⭐⭐⭐,Tendencias
CBDC monedas digitales bancos,Alto,Media,⭐⭐⭐⭐⭐,Tendencias
metaverso economia virtual,Medio,Alta,⭐⭐⭐,Tendencias
Web3 descentralizacion,Alto,Alta,⭐⭐⭐⭐,Tendencias
tokenizacion activos,Medio,Alta,⭐⭐⭐⭐,Tendencias
futuro trabajo freelancing,Alto,Media,⭐⭐⭐⭐⭐,Tendencias
universal basic income moda realidad,Medio,Media,⭐⭐⭐⭐,Tendencias
sostenibilidad financiera ESG,Medio,Media,⭐⭐⭐⭐,Tendencias
finanzas islamicas alternativa,Bajo,Baja,⭐⭐⭐,Tendencias
economia donut bienestar circular,Bajo,Baja,⭐⭐⭐,Tendencias
era remote work finanzas nomadas,Medio,Media,⭐⭐⭐⭐,Tendencias
ciberseguridad amenaza creciente,Alto,Media,⭐⭐⭐⭐⭐,Tendencias
cambio climatico finanzas,Medio,Media,⭐⭐⭐⭐,Tendencias
energias renovables inversion,Medio,Media,⭐⭐⭐⭐,Tendencias
robotica servicios financieros,Medio,Alta,⭐⭐⭐,Tendencias
vehiculos autonomos economia,Medio,Alta,⭐⭐⭐,Tendencias
industria 4.0 dinero,Medio,Alta,⭐⭐⭐,Tendencias
biotecnologia inversion,Medio,Media,⭐⭐⭐⭐,Tendencias
espacio economia extraterrestre,Bajo,Alta,⭐⭐,Tendencias
futuros trabajos finanzas,Medio,Media,⭐⭐⭐⭐,Tendencias
finanzas personales millennials,Alto,Baja,⭐⭐⭐⭐⭐,Nicho
finanzas personales Gen Z,Alto,Baja,⭐⭐⭐⭐⭐,Nicho
finanzas personales padres,Medio,Baja,⭐⭐⭐⭐,Nicho
finanzas personales jubilados,Medio,Baja,⭐⭐⭐⭐,Nicho
finanzas trabajadores independientes,Medio,Baja,⭐⭐⭐⭐,Nicho
finanzas emprendedores,Alto,Baja,⭐⭐⭐⭐⭐,Nicho
finanzas profesionales abogados medicos,Medio,Baja,⭐⭐⭐⭐,Nicho
finanzas creadores contenido,Alto,Media,⭐⭐⭐⭐⭐,Nicho
impuestos streamers,Medio,Media,⭐⭐⭐⭐,Nicho
dinero maternidad,Medio,Baja,⭐⭐⭐⭐,Nicho
dinero parejas mismo sexo,Medio,Baja,⭐⭐⭐⭐,Nicho
migrantes dinero remesas,Medio,Baja,⭐⭐⭐⭐,Nicho
finanzas paises inflacion,Medio,Baja,⭐⭐⭐⭐,Nicho
dolarizacion vs moneda local,Medio,Media,⭐⭐⭐⭐,Nicho
microfinanzas dinero pobres,Medio,Baja,⭐⭐⭐⭐,Nicho
inclusion financiera,Medio,Baja,⭐⭐⭐⭐,Nicho
mujeres finanzas,Alto,Baja,⭐⭐⭐⭐⭐,Nicho
brecha genero inversiones,Alto,Baja,⭐⭐⭐⭐⭐,Nicho
dinero familias bajos ingresos,Medio,Baja,⭐⭐⭐⭐,Nicho
herederos gestionar herencia,Medio,Baja,⭐⭐⭐⭐,Nicho
divorcios dinero,Medio,Baja,⭐⭐⭐⭐,Nicho
dinero crisis sanitarias,Medio,Baja,⭐⭐⭐⭐,Nicho
finanzas tiempos guerra,Medio,Baja,⭐⭐⭐⭐,Nicho
finanzas nomadas digitales,Medio,Media,⭐⭐⭐⭐,Nicho
dinero diferentes paises comparativa,Medio,Baja,⭐⭐⭐⭐,Nicho
